排名	医院名称	科室/强项	特色/优势	参考来源
1	北京协和医院	综合/风湿免疫/妇产科/神经内科	连续14年复旦版综合榜首，国家疑难重症诊疗中心，多学科协作诊疗领先	复旦版医院排行榜
2	四川大学华西医院	综合/麻醉科/急诊医学	科研实力全国领先，麻醉科死亡率低于1/100万，西部医疗中心	复旦版医院排行榜
3	上海交通大学医学院附属瑞金医院	内分泌/血液科/烧伤科	白血病“上海方案”国际标准，AI辅助诊疗覆盖90%患者	复旦版医院排行榜
4	中国人民解放军总医院（301医院）	老年医学/耳鼻喉科/骨科	军队医疗核心，国家重大医疗保障任务承担者	复旦版医院排行榜
5	复旦大学附属中山医院	心血管病/肝癌诊疗	国家医学中心，肝癌早诊率89%，心血管介入技术成熟	复旦版医院排行榜
6	华中科技大学同济医学院附属同济医院	神经外科/妇产科	国家重大公共卫生事件医学中心，机器人手术技术突出	复旦版医院排行榜
7	中山大学附属第一医院	肾移植/显微外科	华南医疗标杆，器官移植全国领先	复旦版医院排行榜
8	浙江大学医学院附属第一医院	传染病学/肝胆外科	国家传染病医学中心，肝移植手术量全球领先	复旦版医院排行榜
9	北京大学第三医院	生殖医学/运动医学	辅助生殖技术全国第一，冬奥会医疗保障合作单位	复旦版医院排行榜
10	复旦大学附属华山医院	神经外科/感染科	脑机接口临床转化突破，神经外科全国顶尖	复旦版医院排行榜
11	中国医学科学院肿瘤医院	肿瘤科	全国肿瘤专科榜首，质子治疗系统先进	复旦版医院排行榜
12	武汉大学中南医院	综合/科研	自然指数全国第9，创新驱动发展战略	自然指数排名
13	中山大学肿瘤防治中心	肿瘤科	华南最大肿瘤防治基地，鼻咽癌诊疗领先	复旦版医院排行榜
14	北京大学第一医院	肾脏病/儿科	肾脏病专科全国第一，科研临床结合紧密	复旦版医院排行榜
15	首都医科大学附属北京天坛医院	神经内科	卒中中心救治时间30分钟内，静脉溶栓全国前列	复旦版医院排行榜
